frame_idx,timestamp_sec,x_pixel,y_pixel,x_mm,delta_x_mm,cell_number
0,0.0,,,,,-1
1,0.0445,37.1,142.1,3.5289,,36
2,0.0891,45.7,119.4,3.4783,-0.0506,35
3,0.1336,286.4,171.3,2.0621,-1.4162,21
4,0.1781,384.4,191.5,1.486,-0.5762,15
5,0.2227,276.1,135.5,2.1228,0.6368,22
6,0.2672,406.3,252.4,1.357,-0.7658,14
7,0.3117,479.9,305.1,0.9244,-0.4325,10
8,0.3563,510.2,286.0,0.7457,-0.1787,8
9,0.4008,558.3,336.1,0.4629,-0.2828,5
10,0.4453,588.4,359.2,0.2857,-0.1772,3
11,0.4899,602.5,370.1,0.2032,-0.0825,3
12,0.5344,497.4,290.3,0.8212,0.618,9
13,0.5789,534.1,325.0,0.6053,-0.2159,7
14,0.6235,561.3,351.8,0.4452,-0.1601,5
15,0.668,579.9,370.3,0.3357,-0.1095,4
16,0.7125,593.8,384.8,0.254,-0.0817,3
17,0.7571,611.0,405.1,0.1531,-0.1008,2
18,0.8016,617.3,410.1,0.1158,-0.0373,2
19,0.8461,468.6,312.2,0.9907,0.8748,10
20,0.8907,431.7,263.2,1.2078,0.2171,13
21,0.9352,327.3,215.3,1.8218,0.614,19
22,0.9797,383.9,181.4,1.4889,-0.3329,15
23,1.0243,383.2,166.1,1.4932,0.0043,15
24,1.0688,298.5,154.9,1.9913,0.4981,20
25,1.1133,293.3,150.3,2.022,0.0307,-1
26,1.1579,294.8,138.8,2.013,-0.009,21
27,1.2024,355.1,161.8,1.6582,-0.3548,17
28,1.2469,267.8,243.7,2.1715,0.5133,22
29,1.2915,196.5,209.6,2.5909,0.4194,26
30,1.336,149.0,189.7,2.8708,0.2799,29
31,1.3805,101.9,164.1,3.1478,0.277,32
32,1.4251,210.0,228.1,2.5119,-0.6359,26
33,1.4696,303.9,291.3,1.9593,-0.5526,20
34,1.5141,388.9,238.7,1.4597,-0.4996,15
35,1.5587,424.6,246.6,1.2497,-0.21,13
36,1.6032,470.9,303.7,0.9772,-0.2725,10
37,1.6477,475.8,307.0,0.9481,-0.0291,-1
38,1.6923,361.3,254.5,1.6216,0.6735,17
39,1.7368,286.7,209.5,2.0604,0.4388,21
40,1.7813,257.5,167.2,2.2324,0.172,23
41,1.8259,355.4,143.9,1.6565,-0.5759,17
42,1.8704,269.3,134.5,2.163,0.5065,22
43,1.9149,265.6,130.7,2.1845,0.0215,-1
44,1.9595,321.4,133.5,1.8563,-0.3282,19
45,2.004,392.2,113.9,1.44,-0.4164,15
46,2.0485,393.8,109.7,1.4303,-0.0096,-1
47,2.0931,460.1,222.5,1.0408,-0.3896,11
48,2.1376,476.4,295.6,0.9444,-0.0963,10
49,2.1821,481.1,298.9,0.917,-0.0274,-1
50,2.2267,507.9,278.3,0.7596,-0.1574,8
51,2.2712,371.1,233.1,1.564,0.8044,16
52,2.3157,438.8,273.6,1.1661,-0.3979,12
53,2.3603,477.8,326.1,0.9364,-0.2297,10
54,2.4048,515.8,340.2,0.7127,-0.2237,8
55,2.4493,536.0,376.7,0.5943,-0.1184,6
56,2.4938,547.2,402.5,0.5279,-0.0664,6
57,2.5384,428.1,312.4,1.2288,0.7008,13
58,2.5829,321.5,256.4,1.856,0.6272,19
59,2.6274,360.1,229.7,1.6289,-0.2271,17
60,2.672,358.8,229.0,1.6365,0.0076,-1
61,2.7165,400.2,204.7,1.3931,-0.2434,14
62,2.761,298.6,200.7,1.9906,0.5975,20
63,2.8056,223.1,179.2,2.4347,0.4441,25
64,2.8501,320.6,226.0,1.861,-0.5737,19
65,2.8946,376.9,264.7,1.53,-0.331,16
66,2.9392,387.5,219.2,1.4679,-0.0622,15
67,2.9837,387.8,218.4,1.466,-0.0019,-1
68,3.0282,286.4,295.0,2.0624,0.5963,21
69,3.0728,347.4,341.5,1.7033,-0.3591,18
70,3.1173,370.0,290.7,1.5707,-0.1326,16
71,3.1618,320.1,340.5,1.8642,0.2935,19
72,3.2064,245.2,338.1,2.3046,0.4404,24
73,3.2509,240.4,341.5,2.3332,0.0286,-1
74,3.2954,188.7,267.9,2.6371,0.3039,27
75,3.34,249.5,214.4,2.2797,-0.3574,23
76,3.3845,317.3,227.0,1.8808,-0.3989,19
77,3.429,371.2,245.4,1.5635,-0.3173,16
78,3.4736,419.9,264.1,1.2772,-0.2863,13
79,3.5181,448.7,272.1,1.1078,-0.1694,12
80,3.5626,452.2,272.8,1.087,-0.0208,-1
81,3.6072,335.9,203.2,1.771,0.684,18
82,3.6517,384.2,219.8,1.4868,-0.2841,15
83,3.6962,391.2,196.9,1.4456,-0.0412,15
84,3.7408,415.1,182.8,1.3054,-0.1402,14
85,3.7853,442.3,205.0,1.1452,-0.1603,12
86,3.8298,463.6,223.6,1.0201,-0.1251,11
87,3.8744,356.9,275.8,1.6474,0.6273,17
88,3.9189,356.4,277.0,1.6508,0.0034,-1
89,3.9634,411.8,336.4,1.3244,-0.3263,14
90,4.008,443.0,325.2,1.1411,-0.1833,12
91,4.0525,463.7,313.6,1.0195,-0.1217,11
92,4.097,463.6,288.3,1.0198,0.0003,11
93,4.1416,370.1,239.0,1.5702,0.5505,16
94,4.1861,412.6,294.6,1.3203,-0.2499,14
95,4.2306,444.6,247.3,1.1315,-0.1888,12
96,4.2752,483.9,299.6,0.9009,-0.2306,10
97,4.3197,436.4,255.8,1.1797,0.2789,12
98,4.3642,438.2,255.7,1.1691,-0.0106,-1
99,4.4088,485.6,310.9,0.8906,-0.2786,9
100,4.4533,511.3,270.5,0.7397,-0.1509,8
101,4.4978,381.8,319.2,1.501,0.7613,16
102,4.5424,422.6,352.9,1.2614,-0.2396,13
103,4.5869,453.8,322.9,1.0778,-0.1836,11
104,4.6314,472.6,314.3,0.9669,-0.1109,10
105,4.676,369.0,244.7,1.5768,0.6099,16
106,4.7205,279.0,297.3,2.1058,0.529,22
107,4.765,326.8,260.0,1.8245,-0.2812,19
108,4.8096,292.5,202.7,2.0266,0.2021,21
109,4.8541,233.4,172.5,2.374,0.3473,24
110,4.8986,227.4,168.9,2.4096,0.0356,-1
111,4.9432,308.7,196.0,1.9314,-0.4781,20
112,4.9877,364.1,216.5,1.605,-0.3264,17
113,5.0322,421.2,275.9,1.2696,-0.3354,13
114,5.0768,446.3,273.7,1.122,-0.1475,12
115,5.1213,465.0,271.7,1.0117,-0.1103,11
116,5.1658,479.8,271.9,0.9247,-0.0871,10
117,5.2104,490.6,270.8,0.861,-0.0636,9
118,5.2549,499.5,270.8,0.8091,-0.052,9
119,5.2994,505.7,268.5,0.7724,-0.0367,8
120,5.344,510.9,268.6,0.7418,-0.0306,8
121,5.3885,514.6,268.6,0.7202,-0.0215,8
122,5.433,523.9,226.7,0.6653,-0.0549,7
123,5.4776,525.0,236.1,0.6586,-0.0067,7
124,5.5221,525.9,244.2,0.6536,-0.005,7
125,5.5666,526.1,249.9,0.6521,-0.0015,7
126,5.6112,525.9,253.5,0.6536,0.0015,7
127,5.6557,525.8,257.9,0.6542,0.0005,7
128,5.7002,526.0,262.3,0.6531,-0.001,7
129,5.7448,525.4,264.2,0.6563,0.0032,7
130,5.7893,520.9,216.2,0.6829,0.0266,7
131,5.8338,521.2,228.7,0.6814,-0.0015,7
132,5.8784,521.4,237.3,0.6797,-0.0017,7
133,5.9229,521.6,244.4,0.6786,-0.0011,7
134,5.9674,520.7,247.1,0.6838,0.0052,7
135,6.012,520.5,251.0,0.6856,0.0017,7
136,6.0565,521.3,256.4,0.6805,-0.0051,7
137,6.101,518.6,251.3,0.6967,0.0162,7
138,6.1456,518.1,251.6,0.6991,0.0025,7
139,6.1901,515.2,245.2,0.7164,0.0172,8
140,6.2346,514.7,246.1,0.7192,0.0028,8
141,6.2792,511.9,242.1,0.736,0.0169,8
142,6.3237,510.4,240.0,0.7445,0.0085,8
143,6.3682,506.8,232.2,0.7656,0.0211,8
144,6.4128,507.1,237.2,0.7639,-0.0018,8
145,6.4573,510.6,248.4,0.7436,-0.0203,8
146,6.5018,511.4,253.9,0.7387,-0.0048,8
147,6.5464,512.5,258.1,0.7323,-0.0064,8
148,6.5909,512.7,260.0,0.7311,-0.0012,8
149,6.6354,541.6,270.1,0.561,-0.1701,6
150,6.68,557.9,292.5,0.4651,-0.0959,5
151,6.7245,569.3,333.0,0.3984,-0.0668,4
152,6.769,564.6,291.2,0.4258,0.0275,5
153,6.8136,551.6,281.6,0.5025,0.0767,6
154,6.8581,542.6,277.8,0.5552,0.0527,6
155,6.9026,536.6,277.8,0.5905,0.0353,6
156,6.9472,516.7,328.4,0.7074,0.1169,8
157,6.9917,514.8,313.3,0.7188,0.0113,8
158,7.0362,532.1,249.7,0.6172,-0.1016,7
159,7.0808,524.6,244.0,0.6612,0.044,7
160,7.1253,520.3,244.7,0.6866,0.0254,7
161,7.1698,514.1,237.9,0.7229,0.0363,8
162,7.2144,511.5,238.9,0.7385,0.0156,8
163,7.2589,509.0,240.2,0.7529,0.0144,8
164,7.3034,507.5,240.4,0.762,0.0091,8
165,7.3479,506.3,241.9,0.7689,0.0069,8
166,7.3925,506.1,241.7,0.7699,0.001,8
167,7.437,517.2,266.5,0.7048,-0.0651,8
168,7.4815,534.8,249.2,0.601,-0.1038,7
169,7.5261,426.9,210.1,1.2358,0.6348,13
170,7.5706,450.5,204.1,1.0972,-0.1386,11
171,7.6151,456.3,201.0,1.0631,-0.0341,11
172,7.6597,460.3,198.2,1.0395,-0.0236,11
173,7.7042,503.8,171.0,0.7835,-0.256,8
174,7.7487,495.9,173.2,0.8302,0.0467,9
175,7.7933,489.9,174.3,0.865,0.0348,9
176,7.8378,485.2,175.8,0.893,0.028,9
177,7.8823,481.4,178.1,0.9153,0.0223,10
178,7.9269,478.8,179.5,0.9307,0.0153,10
179,7.9714,476.7,182.5,0.9427,0.012,10
180,8.0159,516.1,164.1,0.7109,-0.2318,8
181,8.0605,538.3,141.3,0.5806,-0.1303,6
182,8.105,523.0,152.5,0.6704,0.0897,7
183,8.1495,511.3,160.3,0.7396,0.0693,8
184,8.1941,502.1,165.9,0.7934,0.0538,8
185,8.2386,536.2,143.3,0.593,-0.2004,6
186,8.2831,522.1,155.3,0.6758,0.0828,7
187,8.3277,538.0,232.1,0.5826,-0.0932,6
188,8.3722,455.9,179.3,1.0651,0.4825,11
189,8.4167,493.9,240.6,0.842,-0.223,9
190,8.4613,523.3,288.4,0.6688,-0.1732,7
191,8.5058,541.9,231.0,0.5593,-0.1095,6
192,8.5503,560.4,191.4,0.4504,-0.1089,5
193,8.5949,575.6,158.5,0.3611,-0.0892,4
194,8.6394,593.4,127.1,0.2567,-0.1044,3
195,8.6839,606.8,114.6,0.1777,-0.0791,2
196,8.7285,610.5,190.5,0.1558,-0.0218,2
197,8.773,579.4,190.5,0.339,0.1831,4
198,8.8175,555.1,189.8,0.4816,0.1426,5
199,8.8621,536.3,188.9,0.5926,0.1111,6
200,8.9066,521.7,186.7,0.6783,0.0856,7
201,8.9511,521.9,149.9,0.6768,-0.0015,7
202,8.9957,510.9,157.0,0.7417,0.0649,8
203,9.0402,542.5,134.9,0.5557,-0.186,6
204,9.0847,406.6,112.2,1.3552,0.7995,14
205,9.1293,402.2,108.9,1.3812,0.0261,-1
206,9.1738,423.9,147.1,1.2537,-0.1275,13
207,9.2183,474.0,226.5,0.9586,-0.2951,10
208,9.2629,510.1,283.7,0.7465,-0.2121,8
209,9.3074,514.2,301.4,0.7221,-0.0244,8
210,9.3519,517.7,314.8,0.7018,-0.0203,8
211,9.3965,507.1,293.4,0.7642,0.0624,8
212,9.441,499.8,281.2,0.8074,0.0431,9
213,9.4855,493.8,271.6,0.8422,0.0349,9
214,9.5301,493.3,276.7,0.8452,0.003,9
215,9.5746,488.6,267.9,0.8732,0.028,9
216,9.6191,484.5,262.1,0.8969,0.0237,9
217,9.6637,496.5,253.9,0.8267,-0.0702,9
218,9.7082,371.4,207.2,1.5622,0.7355,16
219,9.7527,394.3,221.1,1.4276,-0.1345,15
220,9.7973,415.3,238.2,1.3041,-0.1235,14
221,9.8418,430.5,249.6,1.2148,-0.0893,13
222,9.8863,442.4,259.2,1.1444,-0.0703,12
223,9.9309,451.3,265.0,1.0923,-0.0522,11
224,9.9754,459.2,271.9,1.046,-0.0463,11
225,10.0199,476.0,231.9,0.9469,-0.0992,10
226,10.0645,478.9,247.3,0.93,-0.0168,10
227,10.109,422.3,190.0,1.263,0.3329,13
228,10.1535,436.2,211.4,1.1813,-0.0817,12
229,10.1981,447.6,229.7,1.114,-0.0672,12
230,10.2426,454.9,240.2,1.0709,-0.0432,11
231,10.2871,461.8,250.6,1.0305,-0.0404,11
232,10.3317,466.2,256.5,1.0046,-0.0258,11
233,10.3762,471.6,267.7,0.973,-0.0316,10
234,10.4207,471.4,201.6,0.9741,0.001,10
235,10.4653,473.5,218.6,0.9616,-0.0125,10
236,10.5098,482.0,245.1,0.9117,-0.0499,10
237,10.5543,487.8,193.1,0.8774,-0.0344,9
238,10.5989,365.6,156.8,1.5963,0.719,16
239,10.6434,393.1,188.5,1.435,-0.1614,15
240,10.6879,413.0,209.0,1.3179,-0.1171,14
241,10.7325,428.6,224.9,1.226,-0.0919,13
242,10.777,357.5,171.0,1.6441,0.4181,17
243,10.8215,264.8,135.7,2.1897,0.5456,22
244,10.8661,336.0,99.3,1.7709,-0.4188,18
245,10.9106,248.2,79.4,2.2873,0.5164,23
246,10.9551,180.1,65.4,2.6879,0.4007,27
247,10.9997,252.6,122.6,2.2611,-0.4268,23
248,11.0442,283.3,98.1,2.0806,-0.1805,21
249,11.0887,362.0,183.4,1.6174,-0.4632,17
250,11.1333,269.5,147.2,2.1615,0.5441,22
251,11.1778,351.1,218.8,1.6818,-0.4796,17
252,11.2223,414.8,274.5,1.307,-0.3748,14
253,11.2669,471.2,316.2,0.9756,-0.3315,10
254,11.3114,502.7,240.1,0.7897,-0.1859,8
255,11.3559,495.4,226.1,0.8331,0.0434,9
256,11.4005,499.7,170.1,0.8079,-0.0252,9
257,11.445,511.4,138.0,0.7388,-0.0691,8
258,11.4895,500.2,145.7,0.8045,0.0657,9
259,11.5341,491.4,151.6,0.8564,0.0519,9
260,11.5786,483.8,156.2,0.9011,0.0447,10
261,11.6231,509.9,115.9,0.7479,-0.1532,8
262,11.6677,544.2,105.5,0.5458,-0.2022,6
263,11.7122,458.1,90.8,1.0523,0.5065,11
264,11.7567,459.9,121.4,1.0417,-0.0106,11
265,11.8013,464.3,156.6,1.016,-0.0257,11
266,11.8458,464.6,171.1,1.0143,-0.0017,11
267,11.8903,428.3,128.4,1.2277,0.2134,13
268,11.9349,436.7,149.4,1.1785,-0.0492,12
269,11.9794,374.8,125.2,1.5423,0.3638,16
270,12.0239,438.8,116.4,1.1659,-0.3764,12
271,12.0685,446.9,152.3,1.1182,-0.0477,12
272,12.113,493.8,193.1,0.8424,-0.2758,9
273,12.1575,481.9,145.3,0.9123,0.0699,10
274,12.2021,373.3,108.1,1.551,0.6387,16
275,12.2466,404.5,88.0,1.3678,-0.1832,14
276,12.2911,417.4,123.9,1.2915,-0.0763,13
277,12.3356,427.0,151.9,1.2356,-0.056,13
278,12.3802,479.5,140.7,0.9264,-0.3092,10
279,12.4247,510.2,152.2,0.7461,-0.1803,8
280,12.4692,463.7,113.7,1.0195,0.2734,11
281,12.5138,465.5,154.3,1.0086,-0.0109,11
282,12.5583,465.4,183.2,1.0093,0.0008,11
283,12.6028,468.3,212.5,0.9923,-0.017,10
284,12.6474,474.5,242.7,0.9557,-0.0366,10
285,12.6919,474.0,257.0,0.9591,0.0033,10
286,12.7364,479.6,278.8,0.926,-0.033,10
287,12.781,479.3,288.6,0.9278,0.0018,10
288,12.8255,487.9,311.4,0.8771,-0.0507,9
289,12.87,480.8,301.8,0.9187,0.0416,10
290,12.9146,512.8,349.1,0.7306,-0.1881,8
291,12.9591,498.5,265.9,0.8144,0.0838,9
292,13.0036,422.6,215.2,1.2611,0.4467,13
293,13.0482,437.2,162.0,1.1754,-0.0857,12
294,13.0927,448.1,202.6,1.1113,-0.0641,12
295,13.1372,453.7,229.0,1.0781,-0.0332,11
296,13.1818,452.6,232.5,1.0849,0.0068,11
297,13.2263,456.4,248.0,1.0626,-0.0223,11
298,13.2708,459.4,260.1,1.0447,-0.0179,11
299,13.3154,486.3,196.5,0.8862,-0.1584,9
300,13.3599,484.1,222.6,0.8992,0.013,9
301,13.4044,463.3,167.4,1.0218,0.1225,11
302,13.449,409.3,126.3,1.3393,0.3175,14
303,13.4935,417.1,104.0,1.2934,-0.0459,13
304,13.538,426.8,143.0,1.2365,-0.0569,13
305,13.5826,434.4,172.6,1.1919,-0.0446,12
306,13.6271,459.1,154.1,1.0465,-0.1455,11
307,13.6716,459.7,181.4,1.043,-0.0035,11
308,13.7162,470.5,135.6,0.9795,-0.0635,10
309,13.7607,468.2,166.6,0.9928,0.0133,10
310,13.8052,471.1,124.3,0.9759,-0.0169,10
311,13.8498,487.5,117.3,0.8791,-0.0968,9
312,13.8943,481.7,153.8,0.9138,0.0346,10
313,13.9388,520.8,234.1,0.6838,-0.2299,7
314,13.9834,439.5,191.5,1.1618,0.4779,12
315,14.0279,464.4,169.2,1.0152,-0.1466,11
316,14.0724,464.6,168.6,1.0139,-0.0013,-1
317,14.117,447.5,117.9,1.1145,0.1007,12
318,14.1615,486.4,204.4,0.8861,-0.2284,9
319,14.206,487.4,205.3,0.8799,-0.0062,-1
320,14.2506,488.5,206.2,0.8738,-0.0062,-1
321,14.2951,524.4,288.4,0.6626,-0.2112,7
322,14.3396,526.7,292.3,0.6488,-0.0138,-1
323,14.3842,367.5,206.2,1.5854,0.9366,16
324,14.4287,419.3,143.2,1.2809,-0.3045,13
325,14.4732,430.0,172.7,1.2176,-0.0633,13
326,14.5178,434.5,125.8,1.1912,-0.0263,12
327,14.5623,477.4,91.3,0.9388,-0.2525,10
328,14.6068,464.6,65.4,1.0144,0.0756,11
329,14.6514,346.7,47.9,1.7078,0.6934,18
330,14.6959,274.5,42.9,2.1326,0.4248,22
331,14.7404,212.6,63.2,2.4964,0.3638,25
332,14.785,203.7,59.3,2.5485,0.0522,-1
333,14.8295,248.9,39.1,2.2827,-0.2658,23
334,14.874,242.1,34.6,2.3229,0.0402,-1
335,14.9186,235.3,30.1,2.363,0.0402,-1
336,14.9631,171.5,31.7,2.7382,0.3751,28
337,15.0076,129.4,22.9,2.986,0.2479,30
338,15.0522,106.3,25.8,3.1219,0.1359,32
339,15.0967,122.6,32.1,3.0258,-0.0962,31
340,15.1412,166.2,21.1,2.7697,-0.2561,28
341,15.1858,249.3,108.9,2.2807,-0.4889,23
342,15.2303,201.3,91.9,2.5627,0.282,26
343,15.2748,306.4,122.8,1.9447,-0.618,20
344,15.3194,375.5,207.3,1.5384,-0.4064,16
345,15.3639,400.5,238.4,1.391,-0.1474,14
346,15.4084,430.2,279.1,1.2162,-0.1747,13
347,15.453,453.3,310.6,1.0806,-0.1356,11
348,15.4975,434.9,237.4,1.1886,0.108,12
349,15.542,472.2,292.4,0.9692,-0.2194,10
350,15.5866,501.4,334.9,0.7974,-0.1719,8
351,15.6311,524.2,367.8,0.6633,-0.1341,7
352,15.6756,555.4,400.4,0.4803,-0.183,5
353,15.7202,531.0,351.6,0.6234,0.1431,7
354,15.7647,514.6,328.2,0.7201,0.0968,8
355,15.8092,425.4,252.8,1.2444,0.5243,13
356,15.8538,475.3,211.2,0.9515,-0.293,10
357,15.8983,502.8,267.5,0.7894,-0.162,8
358,15.9428,537.7,322.1,0.584,-0.2055,6
359,15.9874,563.9,364.5,0.43,-0.154,5
360,16.0319,570.6,389.3,0.3907,-0.0393,4
361,16.0764,575.8,408.3,0.3602,-0.0305,4
362,16.121,595.1,336.2,0.2467,-0.1134,3
363,16.1655,455.8,255.0,1.0658,0.8191,11
364,16.21,457.4,268.4,1.0564,-0.0094,11
365,16.2546,458.0,278.0,1.053,-0.0034,11
366,16.2991,503.5,224.4,0.7851,-0.268,8
367,16.3436,493.5,242.8,0.8442,0.0592,9
368,16.3882,531.1,193.9,0.6227,-0.2215,7
369,16.4327,544.3,256.1,0.5455,-0.0772,6
370,16.4772,554.8,304.2,0.4833,-0.0622,5
371,16.5218,528.3,288.3,0.6396,0.1562,7
372,16.5663,528.8,331.6,0.6362,-0.0034,7
373,16.6108,535.3,366.4,0.5985,-0.0377,6
374,16.6554,512.7,336.2,0.7311,0.1326,8
375,16.6999,529.7,366.1,0.631,-0.1001,7
376,16.7444,415.8,277.4,1.301,0.67,14
377,16.789,328.5,218.9,1.8145,0.5135,19
378,16.8335,385.9,276.4,1.477,-0.3375,15
379,16.878,431.5,322.2,1.2086,-0.2684,13
380,16.9226,454.3,355.9,1.0746,-0.134,11
381,16.9671,484.3,383.8,0.8982,-0.1763,9
382,17.0116,507.6,405.4,0.7613,-0.1369,8
383,17.0562,496.4,381.8,0.8269,0.0656,9
384,17.1007,386.7,295.4,1.4723,0.6454,15
385,17.1452,402.5,296.2,1.3796,-0.0928,14
386,17.1897,329.0,222.4,1.8119,0.4323,19
387,17.2343,370.6,278.9,1.567,-0.2448,16
388,17.2788,318.1,209.0,1.8761,0.309,19
389,17.3233,370.8,270.2,1.5659,-0.3101,16
390,17.3679,431.7,321.6,1.2078,-0.3581,13
391,17.4124,480.6,361.7,0.9199,-0.2879,10
392,17.4569,519.6,392.7,0.6905,-0.2294,7
393,17.5015,527.8,412.9,0.6425,-0.0481,7
394,17.546,556.3,432.5,0.4745,-0.168,5
395,17.5905,560.5,438.1,0.4498,-0.0247,-1
396,17.6351,559.4,448.2,0.4568,0.007,5
397,17.6796,528.2,395.6,0.6401,0.1833,7
398,17.7241,505.9,357.9,0.7712,0.1312,8
399,17.7687,489.4,330.0,0.8685,0.0973,9
400,17.8132,502.9,271.8,0.7887,-0.0799,8
401,17.8577,504.4,270.4,0.7798,-0.0089,-1
402,17.9023,506.0,269.1,0.7708,-0.0089,-1
403,17.9468,507.5,267.7,0.7619,-0.0089,-1
404,17.9913,509.0,266.4,0.753,-0.0089,-1
405,18.0359,510.5,265.0,0.7441,-0.0089,-1
406,18.0804,477.4,256.2,0.9386,0.1944,10
407,18.1249,477.7,254.6,0.9369,-0.0017,-1
408,18.1695,478.0,252.9,0.9352,-0.0017,-1
409,18.214,544.9,350.2,0.542,-0.3932,6
410,18.2585,547.5,352.0,0.5267,-0.0153,-1
411,18.3031,550.1,353.8,0.5113,-0.0153,-1
412,18.3476,365.3,203.5,1.5983,1.0869,16
413,18.3921,361.4,200.1,1.6211,0.0228,-1
414,18.4367,294.8,144.2,2.0127,0.3916,21
415,18.4812,232.8,94.5,2.3779,0.3652,24
416,18.5257,309.0,199.3,1.9296,-0.4483,20
417,18.5703,303.9,196.4,1.9592,0.0296,-1
418,18.6148,298.9,193.6,1.9888,0.0296,-1
419,18.6593,257.7,143.8,2.2309,0.2422,23
420,18.7039,303.7,150.4,1.9608,-0.2701,20
421,18.7484,364.3,233.6,1.6044,-0.3564,17
422,18.7929,380.1,229.4,1.5111,-0.0933,16
423,18.8375,378.7,228.4,1.5194,0.0083,-1
424,18.882,377.3,227.3,1.5278,0.0083,-1
425,18.9265,375.9,226.2,1.5361,0.0083,-1
426,18.9711,374.4,225.1,1.5444,0.0083,-1
427,19.0156,373.0,224.1,1.5528,0.0083,-1
428,19.0601,371.6,223.0,1.5611,0.0083,-1
429,19.1047,370.2,221.9,1.5694,0.0083,-1
430,19.1492,368.8,220.8,1.5777,0.0083,-1
431,19.1937,367.4,219.8,1.5861,0.0083,-1
432,19.2383,366.0,218.7,1.5944,0.0083,-1
433,19.2828,364.5,217.6,1.6027,0.0083,-1
434,19.3273,363.1,216.6,1.6111,0.0083,-1
435,19.3719,543.4,128.8,0.5503,-1.0608,6
436,19.4164,495.1,171.1,0.8344,0.2841,9
437,19.4609,497.8,168.7,0.8189,-0.0155,-1
438,19.5055,500.4,166.4,0.8034,-0.0155,-1
439,19.55,559.7,119.3,0.4549,-0.3485,5
440,19.5945,564.2,115.5,0.4284,-0.0265,-1
441,19.6391,568.7,111.6,0.402,-0.0265,-1
442,19.6836,469.0,71.1,0.9881,0.5862,10
443,19.7281,470.0,66.0,0.9823,-0.0058,-1
444,19.7727,471.0,61.0,0.9766,-0.0058,-1
445,19.8172,472.0,55.9,0.9708,-0.0058,-1
446,19.8617,472.9,50.9,0.965,-0.0058,-1
447,19.9063,473.9,45.8,0.9593,-0.0058,-1
448,19.9508,474.9,40.8,0.9535,-0.0058,-1
449,19.9953,475.9,35.7,0.9477,-0.0058,-1
450,20.0399,476.9,30.6,0.942,-0.0058,-1
451,20.0844,477.8,25.6,0.9362,-0.0058,-1
452,20.1289,447.5,148.1,1.1144,0.1782,12
453,20.1735,508.0,225.1,0.7589,-0.3555,8
454,20.218,509.9,226.5,0.7476,-0.0113,-1
455,20.2625,511.8,228.0,0.7363,-0.0113,-1
456,20.3071,513.8,229.5,0.7249,-0.0113,-1
457,20.3516,515.7,231.0,0.7136,-0.0113,-1
458,20.3961,568.4,159.4,0.4037,-0.31,5
459,20.4407,361.3,103.5,1.6216,1.2179,17
460,20.4852,378.1,123.4,1.5229,-0.0987,16
461,20.5297,388.7,135.8,1.4604,-0.0625,15
462,20.5743,395.9,144.1,1.418,-0.0424,15
463,20.6188,401.3,150.4,1.3867,-0.0313,14
464,20.6633,405.3,155.2,1.3627,-0.024,14
465,20.7079,460.1,166.6,1.0408,-0.3219,11
466,20.7524,504.5,181.1,0.7795,-0.2614,8
467,20.7969,484.8,179.0,0.8954,0.1159,9
468,20.8415,469.6,176.9,0.985,0.0896,10
469,20.886,457.5,175.7,1.0561,0.0712,11
470,20.9305,447.7,174.1,1.1134,0.0572,12
471,20.9751,336.5,244.7,1.7679,0.6545,18
472,21.0196,353.6,228.0,1.6672,-0.1007,17
473,21.0641,367.2,214.9,1.5871,-0.0801,16
474,21.1087,364.3,216.3,1.6039,0.0168,-1
475,21.1532,361.5,217.8,1.6207,0.0168,-1
476,21.1977,358.6,219.2,1.6376,0.0168,-1
477,21.2423,355.8,220.6,1.6544,0.0168,-1
478,21.2868,352.9,222.1,1.6712,0.0168,-1
479,21.3313,350.0,223.5,1.688,0.0168,-1
480,21.3759,347.2,224.9,1.7048,0.0168,-1
481,21.4204,383.1,196.6,1.4935,-0.2113,15
482,21.4649,436.9,160.5,1.1771,-0.3164,12
483,21.5095,358.2,128.2,1.6399,0.4629,17
484,21.554,304.6,107.9,1.9552,0.3153,20
485,21.5985,300.4,105.2,1.9798,0.0246,-1
486,21.6431,296.3,102.6,2.0044,0.0246,-1
487,21.6876,237.4,99.5,2.3506,0.3462,24
488,21.7321,174.1,115.5,2.7232,0.3726,28
489,21.7767,165.8,113.6,2.7715,0.0483,-1
490,21.8212,157.6,111.6,2.8199,0.0483,-1
491,21.8657,256.4,175.6,2.2387,-0.5811,23
492,21.9103,304.4,188.6,1.9565,-0.2822,20
493,21.9548,334.7,201.8,1.778,-0.1785,18
494,21.9993,386.9,272.5,1.4713,-0.3067,15
495,22.0438,395.1,264.4,1.423,-0.0483,15
496,22.0884,401.4,257.9,1.3858,-0.0373,14
497,22.1329,406.1,252.6,1.358,-0.0278,14
498,22.1774,409.6,249.1,1.3379,-0.0201,14
499,22.222,412.4,246.0,1.3213,-0.0166,14
500,22.2665,414.1,243.8,1.311,-0.0104,14
501,22.311,471.2,280.3,0.9755,-0.3355,10
502,22.3556,464.9,286.5,1.0126,0.0371,11
503,22.4001,459.8,290.7,1.0421,0.0295,11
504,22.4446,451.0,277.9,1.0939,0.0518,11
505,22.4892,448.6,282.2,1.108,0.0141,12
506,22.5337,455.4,300.8,1.0682,-0.0398,11
507,22.5782,460.6,315.1,1.0377,-0.0305,11
508,22.6228,451.2,297.1,1.0929,0.0551,11
509,22.6673,448.9,296.5,1.1065,0.0136,12
510,22.7118,447.0,295.9,1.1176,0.0111,12
511,22.7564,445.5,295.4,1.1267,0.0091,12
512,22.8009,444.3,294.8,1.1337,0.007,12
513,22.8454,443.0,294.4,1.1414,0.0077,12
514,22.89,444.4,296.9,1.133,-0.0084,-1
515,22.9345,442.6,295.2,1.1437,0.0107,12
516,22.979,441.5,294.2,1.15,0.0063,12
517,23.0236,440.6,293.5,1.1555,0.0055,12
518,23.0681,441.7,295.7,1.1489,-0.0066,-1
519,23.1126,442.8,297.8,1.1423,-0.0066,-1
520,23.1572,512.0,247.9,0.7352,-0.4071,8
521,23.2017,515.7,248.1,0.7137,-0.0215,-1
522,23.2462,489.7,261.3,0.8663,0.1527,9
523,23.2908,492.3,261.9,0.8512,-0.0151,-1
524,23.3353,494.9,262.6,0.8361,-0.0151,-1
525,23.3798,541.4,160.7,0.5625,-0.2736,6
526,23.4244,500.3,161.6,0.804,0.2415,9
527,23.4689,474.5,161.7,0.9559,0.152,10
528,23.5134,456.8,161.8,1.0601,0.1042,11
529,23.558,444.2,161.8,1.134,0.074,12
530,23.6025,434.9,161.6,1.1891,0.055,12
531,23.647,428.5,161.1,1.2266,0.0375,13
532,23.6916,334.8,149.5,1.7778,0.5512,18
533,23.7361,400.1,204.7,1.3933,-0.3845,14
534,23.7806,400.7,195.2,1.3901,-0.0032,14
535,23.8252,400.9,187.6,1.3888,-0.0013,14
536,23.8697,401.4,182.2,1.3857,-0.0031,14
537,23.9142,401.4,178.0,1.3856,-0.0001,14
538,23.9588,459.5,157.6,1.0443,-0.3414,11
539,24.0033,447.3,158.5,1.116,0.0717,12
540,24.0478,465.0,234.1,1.0115,-0.1044,11
541,24.0924,509.1,190.5,0.7526,-0.2589,8
542,24.1369,484.4,183.5,0.8979,0.1453,9
543,24.1814,465.2,178.4,1.0108,0.1129,11
544,24.226,451.6,174.6,1.0906,0.0797,11
545,24.2705,399.5,132.7,1.3969,0.3064,14
546,24.315,399.2,138.1,1.3987,0.0018,14
547,24.3596,399.8,142.7,1.3952,-0.0035,14
548,24.4041,400.0,146.4,1.3939,-0.0014,14
549,24.4486,429.1,161.6,1.223,-0.1709,13
550,24.4932,431.1,155.3,1.2112,-0.0118,13
551,24.5377,424.1,156.5,1.2522,0.0409,13
552,24.5822,418.5,157.5,1.2852,0.033,13
553,24.6268,462.7,216.0,1.0253,-0.2599,11
554,24.6713,472.9,200.1,0.9651,-0.0602,10
555,24.7158,456.6,192.3,1.0611,0.096,11
556,24.7604,446.7,203.1,1.1194,0.0583,12
557,24.8049,471.1,200.1,0.9758,-0.1437,10
558,24.8494,358.5,251.1,1.6383,0.6626,17
559,24.894,370.4,251.3,1.5684,-0.0699,16
560,24.9385,281.4,210.5,2.0919,0.5235,21
561,24.983,288.8,264.1,2.0485,-0.0435,21
562,25.0276,344.7,315.7,1.7191,-0.3293,18
563,25.0721,390.5,265.7,1.4497,-0.2694,15
564,25.1166,385.0,315.6,1.4826,0.0329,15
565,25.1612,361.6,257.2,1.6201,0.1375,17
566,25.2057,318.7,220.5,1.8725,0.2524,19
567,25.2502,247.8,254.0,2.2891,0.4166,23
568,25.2948,205.3,214.3,2.5394,0.2503,26
569,25.3393,248.1,203.1,2.2876,-0.2518,23
570,25.3838,299.7,188.4,1.9841,-0.3036,20
571,25.4284,323.7,196.0,1.8431,-0.141,19
572,25.4729,347.6,218.0,1.7023,-0.1408,18
573,25.5174,419.2,261.4,1.2812,-0.4211,13
574,25.562,416.3,309.9,1.2984,0.0173,13
575,25.6065,446.0,262.4,1.1235,-0.175,12
576,25.651,459.9,251.0,1.0417,-0.0817,11
577,25.6956,453.9,260.5,1.0773,0.0356,11
578,25.7401,496.8,280.3,0.8246,-0.2527,9
579,25.7846,534.9,219.9,0.6007,-0.2239,7
580,25.8292,538.3,192.3,0.5805,-0.0202,6
581,25.8737,560.4,230.6,0.4509,-0.1296,5
582,25.9182,561.8,264.8,0.4424,-0.0084,5
583,25.9628,578.1,244.1,0.3467,-0.0957,4
584,26.0073,559.7,301.0,0.4544,0.1077,5
585,26.0518,570.4,318.8,0.3918,-0.0626,4
586,26.0964,569.4,308.3,0.3977,0.0059,4
587,26.1409,590.0,247.1,0.2765,-0.1213,3
588,26.1854,588.5,280.2,0.2855,0.009,3
589,26.23,544.3,253.2,0.5453,0.2598,6
590,26.2745,546.0,273.6,0.5352,-0.0101,6
591,26.319,511.1,247.6,0.7404,0.2052,8
592,26.3636,396.1,299.4,1.4168,0.6764,15
593,26.4081,454.7,239.3,1.0725,-0.3443,11
594,26.4526,354.5,283.7,1.6616,0.5891,17
595,26.4972,362.9,255.4,1.6126,-0.049,17
596,26.5417,369.0,233.2,1.5765,-0.0361,16
597,26.5862,373.3,215.4,1.551,-0.0255,16
598,26.6308,378.1,202.6,1.5232,-0.0278,16
599,26.6753,440.9,191.4,1.1533,-0.3699,12
600,26.7198,430.6,183.4,1.2144,0.0611,13
601,26.7644,422.0,177.2,1.2645,0.0501,13
602,26.8089,415.9,172.9,1.3003,0.0358,14
603,26.8534,411.5,170.0,1.3265,0.0262,14
604,26.8979,408.1,167.7,1.3467,0.0202,14
605,26.9425,405.3,166.0,1.3632,0.0165,14
606,26.987,404.0,163.6,1.3705,0.0073,-1
607,27.0315,402.8,161.3,1.3778,0.0073,-1
608,27.0761,401.5,158.9,1.385,0.0073,-1
609,27.1206,400.3,156.6,1.3923,0.0073,-1
610,27.1651,399.1,154.2,1.3996,0.0073,-1
611,27.2097,397.8,151.9,1.4068,0.0073,-1
612,27.2542,396.6,149.5,1.4141,0.0073,-1
613,27.2987,395.4,147.2,1.4214,0.0073,-1
614,27.3433,394.1,144.8,1.4286,0.0073,-1
615,27.3878,392.9,142.5,1.4359,0.0073,-1
616,27.4323,391.7,140.1,1.4432,0.0073,-1
617,27.4769,415.6,241.7,1.3021,-0.141,14
618,27.5214,415.2,242.7,1.3046,0.0025,-1
619,27.5659,414.8,243.7,1.3071,0.0025,-1
620,27.6105,475.7,341.0,0.9489,-0.3583,10
621,27.655,499.8,380.0,0.8071,-0.1418,9
622,27.6995,473.7,345.9,0.9608,0.1537,10
623,27.7441,457.0,324.8,1.0586,0.0978,11
624,27.7886,478.5,358.2,0.9326,-0.126,10
625,27.8331,459.6,328.6,1.0433,0.1108,11
626,27.8777,451.4,322.9,1.092,0.0486,11
627,27.9222,445.1,318.5,1.1291,0.0371,12
628,27.9667,478.0,280.6,0.9355,-0.1935,10
629,28.0113,479.3,307.6,0.9279,-0.0077,10
630,28.0558,480.2,328.5,0.9221,-0.0057,10
631,28.1003,463.9,318.1,1.0183,0.0962,11
632,28.1449,459.7,326.1,1.0432,0.0249,11
633,28.1894,465.8,343.8,1.0069,-0.0363,11
634,28.2339,450.0,324.6,1.0998,0.093,11
635,28.2785,444.1,325.4,1.1344,0.0346,12
636,28.323,439.6,326.0,1.1611,0.0267,12
637,28.3675,436.1,326.4,1.182,0.0209,12
638,28.4121,433.2,326.5,1.1988,0.0168,12
639,28.4566,431.1,326.7,1.2111,0.0123,13
640,28.5011,429.5,325.4,1.2209,0.0097,13
641,28.5457,479.7,348.5,0.9253,-0.2955,10
642,28.5902,468.2,342.6,0.9927,0.0674,10
643,28.6347,487.4,282.9,0.8801,-0.1126,9
644,28.6793,474.2,291.5,0.9579,0.0778,10
645,28.7238,376.3,273.9,1.5338,0.5759,16
646,28.7683,387.5,284.1,1.4679,-0.0659,15
647,28.8129,363.6,298.3,1.608,0.1401,17
648,28.8574,378.2,303.5,1.5226,-0.0854,16
649,28.9019,388.8,307.0,1.4599,-0.0627,15
650,28.9465,396.9,311.0,1.4126,-0.0473,15
651,28.991,403.2,314.3,1.3754,-0.0372,14
652,29.0355,401.7,300.3,1.3843,0.0089,14
653,29.0801,400.7,289.9,1.3901,0.0058,14
654,29.1246,400.1,275.4,1.3933,0.0032,14
655,29.1691,432.3,244.6,1.2041,-0.1892,13
656,29.2137,480.4,224.7,0.9214,-0.2828,10
657,29.2582,484.0,265.8,0.8999,-0.0214,9
658,29.3027,465.0,258.7,1.0116,0.1116,11
659,29.3473,428.5,194.4,1.2267,0.2151,13
660,29.3918,428.2,191.0,1.2284,0.0017,-1
661,29.4363,327.1,257.1,1.8231,0.5947,19
662,29.4809,247.8,191.7,2.2893,0.4662,23
